"weapon","category","guidance","max_speed_mach","launch_range_km","guidance_seconds","max_g","mass_kg","explosive_filler_kg","tnt_equivalent_kg","seeker_lock_km","seeker_band_label","max_aircraft_release_speed","max_travel_range","enabled_by_catalogue"
"Kh-38MT","AIR_TO_GROUND","IR + inertial + GNSS","2.2","70","200","NOT_LISTED","520","95","152","NOT_LISTED","NOT_LISTED","NOT_LISTED","NOT_LISTED","false"
"Kh-38ML","AIR_TO_GROUND","Laser + inertial + GNSS","2.2","70","200","NOT_LISTED","520","95","152","NOT_LISTED","NOT_LISTED","NOT_LISTED","NOT_LISTED","false"
"Kh-31PD","ANTI_RADIATION","Passive radar + inertial","4","250","250","NOT_LISTED","715","85","144.5","100","D","NOT_LISTED","NOT_LISTED","false"
"Kh-29TD","AIR_TO_GROUND","TV","1.8","35","70","NOT_LISTED","686","116.4","186.2","NOT_LISTED","NOT_LISTED","NOT_LISTED","NOT_LISTED","false"
"Kh-58UShK","ANTI_RADIATION","Passive radar + inertial","4","245","500","NOT_LISTED","650","110","176","100","D","NOT_LISTED","NOT_LISTED","false"
"Kh-25ML","AIR_TO_GROUND","Laser","2","10","45","NOT_LISTED","297","93","119","NOT_LISTED","NOT_LISTED","NOT_LISTED","NOT_LISTED","false"
"Kh-29T","AIR_TO_GROUND","TV","1.8","13","40","NOT_LISTED","670","116.4","186.2","NOT_LISTED","NOT_LISTED","NOT_LISTED","NOT_LISTED","false"
"Kh-29L","AIR_TO_GROUND","Laser","1.8","10","40","NOT_LISTED","657","116.4","186.2","NOT_LISTED","NOT_LISTED","NOT_LISTED","NOT_LISTED","false"
"Kh-58U A-prime","ANTI_RADIATION","Passive radar","3.5","120","240","NOT_LISTED","640","110","176","100","I","NOT_LISTED","NOT_LISTED","false"
"Kh-58U B","ANTI_RADIATION","Passive radar","3.5","120","240","NOT_LISTED","640","110","176","100","F","NOT_LISTED","NOT_LISTED","false"
"Kh-58U C","ANTI_RADIATION","Passive radar","3.5","120","240","NOT_LISTED","640","110","176","100","D","NOT_LISTED","NOT_LISTED","false"
"Kh-59MK","ANTI_SHIP_CRUISE","Active radar + inertial","0.9","120","1000","NOT_LISTED","930","119","190.4","15","I","NOT_LISTED","NOT_LISTED","false"
"R-77-1","AIR_TO_AIR","ARH + inertial + datalink","4","120","120","50","190","9.7","15.6","16","I","NOT_LISTED","NOT_LISTED","false"
"R-77","AIR_TO_AIR","ARH + inertial + datalink","4","80","90","50","175","9.7","15.6","16","I","NOT_LISTED","NOT_LISTED","false"
"R-27ER","AIR_TO_AIR","SARH + inertial + datalink","5.8","100","60","35","350","15","24","25","I","NOT_LISTED","NOT_LISTED","false"
"R-27R","AIR_TO_AIR","SARH + inertial + datalink","3.5","55","60","35","253","15","24","25","I","NOT_LISTED","NOT_LISTED","false"
"R-27T","AIR_TO_AIR","IR","3.5","50","60","35","245.5","15","24","18 REAR / 4.8 ALL-ASPECT","N/A","NOT_LISTED","NOT_LISTED","false"
"R-27ET","AIR_TO_AIR","IR","5.8","100","60","35","343","15","24","18 REAR / 4.8 ALL-ASPECT","N/A","NOT_LISTED","NOT_LISTED","false"
"OFAB-100","FRAGMENTATION_HE_BOMB","UNGUIDED","DERIVED_FROM_RELEASE","N/A","N/A","N/A","114","38","38","N/A","N/A","NOT_LISTED","DERIVED_FROM_RELEASE","false"
"FAB-500M-46","HE_BOMB","UNGUIDED","DERIVED_FROM_RELEASE","N/A","N/A","N/A","428","325","325","N/A","N/A","NOT_LISTED","DERIVED_FROM_RELEASE","false"
"FAB-500M-54","HE_BOMB","UNGUIDED","DERIVED_FROM_RELEASE","N/A","N/A","N/A","478","201","201","N/A","N/A","NOT_LISTED","DERIVED_FROM_RELEASE","false"
"FAB-500M-62","HE_BOMB","UNGUIDED","DERIVED_FROM_RELEASE","N/A","N/A","N/A","508.3","213","340.8","N/A","N/A","NOT_LISTED","DERIVED_FROM_RELEASE","false"
"FAB-1500M-54","HE_BOMB","UNGUIDED","DERIVED_FROM_RELEASE","N/A","N/A","N/A","1550","675","675","N/A","N/A","NOT_LISTED","DERIVED_FROM_RELEASE","false"
"FAB-3000M-46","HE_BOMB","UNGUIDED","DERIVED_FROM_RELEASE","N/A","N/A","N/A","2983","1400","1400","N/A","N/A","NOT_LISTED","DERIVED_FROM_RELEASE","false"
"FAB-3000M-54","HE_BOMB","UNGUIDED","DERIVED_FROM_RELEASE","N/A","N/A","N/A","3067","1387","2219.2","N/A","N/A","NOT_LISTED","DERIVED_FROM_RELEASE","false"
